,Date,Open,High,Low,Close,Ticker
0,2020-07-31,3270.45,3272.17,3220.26,3271.12,SPX
1,2020-07-30,3231.76,3250.92,3204.13,3246.22,SPX
2,2020-07-29,3227.22,3264.74,3227.22,3258.44,SPX
3,2020-07-28,3234.27,3243.72,3216.17,3218.44,SPX
4,2020-07-27,3219.84,3241.43,3214.25,3239.41,SPX
5,2020-07-24,3218.58,3227.26,3200.05,3215.63,SPX
6,2020-07-23,3271.64,3279.99,3222.66,3235.66,SPX
7,2020-07-22,3254.86,3279.32,3253.1,3276.02,SPX
8,2020-07-21,3268.52,3277.29,3247.77,3257.3,SPX
9,2020-07-20,3224.29,3258.61,3215.16,3251.84,SPX
10,2020-07-17,3224.21,3233.52,3205.65,3224.73,SPX
11,2020-07-16,3208.36,3220.39,3198.59,3215.57,SPX
12,2020-07-15,3225.98,3238.28,3200.76,3226.56,SPX
13,2020-07-14,3141.11,3200.95,3127.66,3197.52,SPX
14,2020-07-13,3205.08,3235.32,3149.43,3155.22,SPX
15,2020-07-10,3152.47,3186.82,3136.22,3185.04,SPX
16,2020-07-09,3176.17,3179.78,3115.7,3152.05,SPX
17,2020-07-08,3153.07,3171.8,3136.53,3169.94,SPX
18,2020-07-07,3166.44,3184.15,3142.93,3145.32,SPX
19,2020-07-06,3155.29,3182.59,3155.29,3179.72,SPX
20,2020-07-02,3143.64,3165.81,3124.52,3130.01,SPX
21,2020-07-01,3105.92,3128.44,3101.17,3115.86,SPX
22,2020-06-30,3050.2,3111.51,3047.83,3100.29,SPX
23,2020-06-29,3018.59,3053.89,2999.74,3053.24,SPX
24,2020-06-26,3073.2,3073.73,3004.63,3009.05,SPX
25,2020-06-25,3046.6,3086.25,3024.01,3083.76,SPX
26,2020-06-24,3114.4,3115.01,3032.13,3050.33,SPX
27,2020-06-23,3138.7,3154.9,3127.12,3131.29,SPX
28,2020-06-22,3094.42,3120.92,3079.39,3117.86,SPX
29,2020-06-19,3140.29,3155.53,3083.11,3097.74,SPX
30,2020-06-18,3101.64,3120.0,3093.51,3115.34,SPX
31,2020-06-17,3136.13,3141.16,3108.03,3113.49,SPX
32,2020-06-16,3131.0,3153.45,3076.06,3124.74,SPX
33,2020-06-15,2993.76,3079.76,2965.66,3066.59,SPX
34,2020-06-12,3071.04,3088.42,2984.47,3041.31,SPX
35,2020-06-11,3123.53,3123.53,2999.49,3002.1,SPX
36,2020-06-10,3213.42,3223.27,3181.49,3190.14,SPX
37,2020-06-09,3213.32,3222.71,3193.11,3207.18,SPX
38,2020-06-08,3199.92,3233.13,3196.0,3232.39,SPX
39,2020-06-05,3163.84,3211.72,3163.84,3193.93,SPX
40,2020-06-04,3111.56,3128.91,3090.41,3112.35,SPX
41,2020-06-03,3098.9,3130.94,3098.9,3122.87,SPX
42,2020-06-02,3064.78,3081.07,3051.64,3080.82,SPX
43,2020-06-01,3038.78,3062.18,3031.54,3055.73,SPX
44,2020-05-29,3025.17,3049.17,2998.61,3044.31,SPX
45,2020-05-28,3046.61,3068.67,3023.4,3029.73,SPX
46,2020-05-27,3015.65,3036.25,2969.75,3036.13,SPX
47,2020-05-26,3004.08,3021.72,2988.17,2991.77,SPX
48,2020-05-22,2948.05,2956.76,2933.59,2955.45,SPX
49,2020-05-21,2969.95,2978.5,2938.57,2948.51,SPX
50,2020-05-20,2953.63,2980.29,2953.63,2971.61,SPX
51,2020-05-19,2948.59,2964.21,2922.35,2922.94,SPX
52,2020-05-18,2913.86,2968.09,2913.86,2953.91,SPX
53,2020-05-15,2829.95,2865.01,2816.78,2863.7,SPX
54,2020-05-14,2794.54,2852.8,2766.64,2852.5,SPX
55,2020-05-13,2865.86,2874.14,2793.15,2820.0,SPX
56,2020-05-12,2939.5,2945.82,2869.59,2870.12,SPX
57,2020-05-11,2915.46,2944.25,2903.44,2930.32,SPX
58,2020-05-08,2908.83,2932.16,2902.88,2929.8,SPX
59,2020-05-07,2878.26,2901.92,2876.48,2881.19,SPX
60,2020-05-06,2883.14,2891.11,2847.65,2848.42,SPX
61,2020-05-05,2868.88,2898.23,2863.55,2868.44,SPX
62,2020-05-04,2815.01,2844.24,2797.85,2842.74,SPX
63,2020-05-01,2869.09,2869.09,2821.61,2830.71,SPX
64,2020-04-30,2930.91,2930.91,2892.47,2912.43,SPX
65,2020-04-29,2918.46,2954.86,2912.16,2939.51,SPX
66,2020-04-28,2909.96,2921.15,2860.71,2863.39,SPX
67,2020-04-27,2854.65,2887.72,2852.89,2878.48,SPX
68,2020-04-24,2812.64,2842.71,2791.76,2836.74,SPX
69,2020-04-23,2810.42,2844.9,2794.26,2797.8,SPX
70,2020-04-22,2787.89,2815.1,2775.95,2799.31,SPX
71,2020-04-21,2784.81,2785.54,2727.1,2736.56,SPX
72,2020-04-20,2845.62,2868.98,2820.43,2823.16,SPX
73,2020-04-17,2842.43,2879.22,2830.88,2874.56,SPX
74,2020-04-16,2799.34,2806.51,2764.32,2799.55,SPX
75,2020-04-15,2795.64,2801.88,2761.54,2783.36,SPX
76,2020-04-14,2805.1,2851.85,2805.1,2846.06,SPX
77,2020-04-13,2782.46,2782.46,2721.17,2761.63,SPX
78,2020-04-09,2776.99,2818.57,2762.36,2789.82,SPX
79,2020-04-08,2685.0,2760.75,2663.3,2749.98,SPX
80,2020-04-07,2738.65,2756.89,2657.67,2659.41,SPX
81,2020-04-06,2578.28,2676.85,2574.57,2663.68,SPX
82,2020-04-03,2514.92,2538.18,2459.96,2488.65,SPX
83,2020-04-02,2458.54,2533.22,2455.79,2526.9,SPX
84,2020-04-01,2498.08,2522.75,2447.49,2470.5,SPX
85,2020-03-31,2614.69,2641.39,2571.15,2584.59,SPX
86,2020-03-30,2558.98,2631.8,2545.28,2626.65,SPX
87,2020-03-27,2555.87,2615.91,2520.02,2541.47,SPX
88,2020-03-26,2501.29,2637.01,2500.72,2630.07,SPX
89,2020-03-25,2457.77,2571.42,2407.53,2475.56,SPX
90,2020-03-24,2344.44,2449.71,2344.44,2447.33,SPX
91,2020-03-23,2290.71,2300.73,2191.86,2237.4,SPX
92,2020-03-20,2431.94,2453.01,2295.56,2304.92,SPX
93,2020-03-19,2393.48,2466.97,2319.78,2409.39,SPX
94,2020-03-18,2436.5,2453.57,2280.52,2398.1,SPX
95,2020-03-17,2425.66,2553.93,2367.04,2529.19,SPX
96,2020-03-16,2508.59,2562.98,2380.94,2386.13,SPX
97,2020-03-13,2569.99,2711.33,2492.37,2711.02,SPX
98,2020-03-12,2630.86,2660.95,2478.86,2480.64,SPX
99,2020-03-11,2825.6,2825.6,2707.22,2741.38,SPX
100,2020-03-10,2813.48,2882.59,2734.0,2882.23,SPX
101,2020-03-09,2863.89,2863.89,2734.43,2746.56,SPX
102,2020-03-06,2954.2,2985.93,2901.54,2972.37,SPX
103,2020-03-05,3075.7,3083.04,2999.83,3023.94,SPX
104,2020-03-04,3045.75,3130.97,3034.38,3130.12,SPX
105,2020-03-03,3096.46,3136.72,2976.63,3003.37,SPX
106,2020-03-02,2974.28,3090.96,2945.19,3090.23,SPX
107,2020-02-28,2916.9,2959.72,2855.84,2954.22,SPX
108,2020-02-27,3062.54,3097.07,2977.39,2978.76,SPX
109,2020-02-26,3139.9,3182.51,3108.99,3116.39,SPX
110,2020-02-25,3238.94,3246.99,3118.77,3128.21,SPX
111,2020-02-24,3257.61,3259.81,3214.65,3225.89,SPX
112,2020-02-21,3360.5,3360.76,3328.45,3337.75,SPX
113,2020-02-20,3380.45,3389.15,3341.02,3373.23,SPX
114,2020-02-19,3380.39,3393.52,3378.83,3386.15,SPX
115,2020-02-18,3369.04,3375.01,3355.61,3370.29,SPX
116,2020-02-14,3378.08,3380.69,3366.15,3380.16,SPX
117,2020-02-13,3365.9,3385.09,3360.52,3373.94,SPX
118,2020-02-12,3370.5,3381.47,3369.72,3379.45,SPX
119,2020-02-11,3365.87,3375.63,3352.72,3357.75,SPX
120,2020-02-10,3318.28,3352.26,3317.77,3352.09,SPX
121,2020-02-07,3335.54,3341.42,3322.12,3327.71,SPX
122,2020-02-06,3344.92,3347.96,3334.39,3345.78,SPX
123,2020-02-05,3324.91,3337.58,3313.75,3334.69,SPX
124,2020-02-04,3280.61,3306.92,3280.61,3297.59,SPX
125,2020-02-03,3235.66,3268.44,3235.66,3248.92,SPX
126,2020-01-31,3282.33,3282.33,3214.68,3225.52,SPX
127,2020-01-30,3256.45,3285.91,3242.8,3283.66,SPX
128,2020-01-29,3289.46,3293.47,3271.89,3273.4,SPX
129,2020-01-28,3255.35,3285.78,3253.22,3276.24,SPX
130,2020-01-27,3247.16,3258.85,3234.5,3243.63,SPX
131,2020-01-24,3333.1,3333.18,3281.53,3295.47,SPX
132,2020-01-23,3315.77,3326.88,3301.87,3325.54,SPX
133,2020-01-22,3330.02,3337.77,3320.04,3321.75,SPX
134,2020-01-21,3321.03,3329.79,3316.61,3320.79,SPX
135,2020-01-17,3323.66,3329.88,3318.86,3329.62,SPX
136,2020-01-16,3302.97,3317.11,3302.82,3316.81,SPX
137,2020-01-15,3282.27,3298.66,3280.69,3289.29,SPX
138,2020-01-14,3285.35,3294.25,3277.19,3283.15,SPX
139,2020-01-13,3271.13,3288.13,3268.43,3288.13,SPX
140,2020-01-10,3281.81,3282.99,3260.86,3265.35,SPX
141,2020-01-09,3266.03,3275.58,3263.67,3274.7,SPX
142,2020-01-08,3238.59,3267.07,3236.67,3253.05,SPX
143,2020-01-07,3241.86,3244.91,3232.43,3237.18,SPX
144,2020-01-06,3217.55,3246.84,3214.64,3246.28,SPX
145,2020-01-03,3226.36,3246.15,3222.34,3234.85,SPX
146,2020-01-02,3244.67,3258.14,3235.53,3257.85,SPX
0,2020-07-31,12509.33,12509.34,12320.73,12465.05,NYA
1,2020-07-30,12491.46,12544.8,12393.8,12533.28,NYA
2,2020-07-29,12533.46,12688.69,12533.47,12669.62,NYA
3,2020-07-28,12515.84,12563.45,12482.27,12491.22,NYA
4,2020-07-27,12481.01,12556.56,12444.52,12553.13,NYA
5,2020-07-24,12488.68,12522.19,12427.66,12461.78,NYA
6,2020-07-23,12567.17,12617.18,12459.06,12510.87,NYA
7,2020-07-22,12485.96,12578.98,12480.73,12569.07,NYA
8,2020-07-21,12492.08,12570.71,12481.97,12508.68,NYA
9,2020-07-20,12413.15,12432.77,12352.72,12392.98,NYA
10,2020-07-17,12395.76,12427.49,12339.87,12402.74,NYA
11,2020-07-16,12310.18,12381.38,12295.69,12350.11,NYA
12,2020-07-15,12377.65,12419.81,12309.26,12391.32,NYA
13,2020-07-14,11989.41,12215.15,11963.5,12204.21,NYA
14,2020-07-13,12159.75,12242.68,12000.98,12014.66,NYA
15,2020-07-10,11935.3,12079.11,11906.21,12075.58,NYA
16,2020-07-09,12089.24,12103.16,11831.04,11928.63,NYA
17,2020-07-08,12023.57,12095.18,11971.89,12086.4,NYA
18,2020-07-07,12056.21,12107.95,11979.77,11990.14,NYA
19,2020-07-06,12181.29,12218.19,12114.32,12160.01,NYA
20,2020-07-02,12088.7,12138.83,11970.8,11991.52,NYA
21,2020-07-01,11907.83,11982.23,11858.82,11901.55,NYA
22,2020-06-30,11736.75,11934.97,11724.57,11893.78,NYA
23,2020-06-29,11683.07,11777.64,11605.47,11777.08,NYA
24,2020-06-26,11796.41,11814.01,11578.81,11604.43,NYA
25,2020-06-25,11680.39,11866.19,11640.02,11865.11,NYA
26,2020-06-24,11956.29,11961.62,11650.91,11726.53,NYA
27,2020-06-23,12157.37,12176.43,12068.09,12077.75,NYA
28,2020-06-22,11963.3,12045.65,11907.22,12028.91,NYA
29,2020-06-19,12240.31,12240.31,11946.96,11980.12,NYA
30,2020-06-18,11994.46,12110.2,11984.71,12072.59,NYA
31,2020-06-17,12193.41,12202.58,12068.22,12086.49,NYA
32,2020-06-16,12304.14,12318.75,11992.98,12161.47,NYA
33,2020-06-15,11565.82,11997.65,11525.36,11942.91,NYA
34,2020-06-12,11999.48,12030.94,11640.59,11867.17,NYA
35,2020-06-11,12090.13,12099.18,11636.01,11659.16,NYA
36,2020-06-10,12616.63,12628.91,12431.56,12449.22,NYA
37,2020-06-09,12635.6,12682.74,12578.54,12619.52,NYA
38,2020-06-08,12734.55,12836.68,12688.56,12836.59,NYA
39,2020-06-05,12640.98,12752.15,12600.7,12641.44,NYA
40,2020-06-04,12236.74,12328.51,12202.36,12286.98,NYA
41,2020-06-03,12175.06,12329.29,12175.06,12302.19,NYA
42,2020-06-02,11978.05,12046.41,11945.09,12046.41,NYA
43,2020-06-01,11799.92,11928.81,11781.88,11900.24,NYA
44,2020-05-29,11750.97,11817.39,11645.71,11802.94,NYA
45,2020-05-28,11935.88,11939.74,11783.22,11804.91,NYA
46,2020-05-27,11787.57,11837.55,11602.43,11837.53,NYA
47,2020-05-26,11636.54,11676.96,11590.31,11603.0,NYA
48,2020-05-22,11325.08,11333.65,11247.29,11331.97,NYA
49,2020-05-21,11393.92,11447.26,11287.43,11351.6,NYA
50,2020-05-20,11408.61,11477.33,11384.36,11420.03,NYA
51,2020-05-19,11374.23,11409.66,11248.54,11248.97,NYA
52,2020-05-18,11282.89,11454.34,11282.89,11402.23,NYA
53,2020-05-15,10855.93,10968.17,10817.12,10947.32,NYA
54,2020-05-14,10661.93,10927.85,10551.55,10927.41,NYA
55,2020-05-13,11035.23,11038.38,10747.81,10829.44,NYA
56,2020-05-12,11332.42,11343.39,11055.58,11055.58,NYA
57,2020-05-11,11244.25,11345.43,11205.4,11281.36,NYA
58,2020-05-08,11281.3,11360.11,11237.52,11354.34,NYA
59,2020-05-07,11140.93,11228.25,11109.56,11121.67,NYA
60,2020-05-06,11196.87,11204.53,10999.99,10999.99,NYA
61,2020-05-05,11188.97,11259.19,11124.69,11135.4,NYA
62,2020-05-04,10965.77,11061.97,10900.39,11056.28,NYA
63,2020-05-01,11158.87,11187.77,11011.46,11058.57,NYA
64,2020-04-30,11473.23,11492.91,11326.2,11372.34,NYA
65,2020-04-29,11546.4,11675.3,11513.09,11618.23,NYA
66,2020-04-28,11462.38,11481.31,11272.78,11319.69,NYA
67,2020-04-27,11106.03,11301.31,11086.96,11264.84,NYA
68,2020-04-24,11000.7,11050.01,10868.93,11017.9,NYA
69,2020-04-23,10961.24,11099.0,10905.84,10916.68,NYA
70,2020-04-22,10919.97,10955.5,10844.77,10908.56,NYA
71,2020-04-21,10763.67,10861.79,10667.29,10706.44,NYA
72,2020-04-20,11016.88,11181.81,10985.06,11003.88,NYA
73,2020-04-17,11101.32,11231.27,11030.42,11208.29,NYA
74,2020-04-16,10882.83,10891.68,10718.13,10818.03,NYA
75,2020-04-15,10861.97,10903.06,10760.96,10843.93,NYA
76,2020-04-14,11151.16,11241.23,11064.63,11172.19,NYA
77,2020-04-13,11109.0,11109.0,10817.15,10949.53,NYA
78,2020-04-09,11070.32,11272.48,11019.82,11136.61,NYA
79,2020-04-08,10641.51,10939.97,10538.65,10902.59,NYA
80,2020-04-07,10894.2,10912.56,10534.73,10537.04,NYA
81,2020-04-06,10264.13,10560.73,10233.04,10515.24,NYA
82,2020-04-03,10012.47,10075.91,9774.24,9880.63,NYA
83,2020-04-02,9815.27,10142.01,9813.51,10062.37,NYA
84,2020-04-01,9917.31,10029.0,9766.81,9844.85,NYA
85,2020-03-31,10387.73,10499.8,10237.22,10301.87,NYA
86,2020-03-30,10238.13,10455.77,10131.6,10434.75,NYA
87,2020-03-27,10135.73,10449.22,10064.5,10187.21,NYA
88,2020-03-26,10060.49,10556.9,10060.48,10536.28,NYA
89,2020-03-25,9749.8,10303.9,9591.74,9961.39,NYA
90,2020-03-24,9276.64,9672.01,9276.64,9658.32,NYA
91,2020-03-23,9014.58,9053.49,8664.94,8777.38,NYA
92,2020-03-20,9577.9,9676.94,9108.15,9133.16,NYA
93,2020-03-19,9313.76,9622.21,9048.36,9461.31,NYA
94,2020-03-18,9562.49,9666.57,8953.6,9384.6,NYA
95,2020-03-17,9726.18,10154.16,9484.65,10063.36,NYA
96,2020-03-16,10413.7,10413.7,9559.23,9567.53,NYA
97,2020-03-13,10445.44,10851.98,10060.35,10851.98,NYA
98,2020-03-12,10466.7,10646.91,10054.47,10060.77,NYA
99,2020-03-11,11523.94,11523.94,11053.78,11177.28,NYA
100,2020-03-10,11635.22,11794.0,11246.52,11793.27,NYA
101,2020-03-09,11748.61,11748.61,11240.77,11298.43,NYA
102,2020-03-06,12287.42,12393.37,12106.74,12352.03,NYA
103,2020-03-05,12740.86,12786.65,12489.77,12593.03,NYA
104,2020-03-04,12696.61,13011.45,12673.9,13009.96,NYA
105,2020-03-03,12845.06,13015.66,12432.52,12542.74,NYA
106,2020-03-02,12441.43,12830.13,12316.18,12827.99,NYA
107,2020-02-28,12195.81,12383.43,12024.45,12380.97,NYA
108,2020-02-27,12841.4,12977.18,12544.99,12547.25,NYA
109,2020-02-26,13194.31,13323.34,13041.94,13046.62,NYA
110,2020-02-25,13570.21,13582.74,13110.09,13143.73,NYA
111,2020-02-24,13654.0,13654.0,13493.68,13534.12,NYA
112,2020-02-21,14014.63,14014.63,13931.13,13975.78,NYA
113,2020-02-20,14061.04,14104.91,13955.75,14061.48,NYA
114,2020-02-19,14077.51,14115.95,14066.25,14087.13,NYA
115,2020-02-18,14047.91,14072.69,13990.7,14039.02,NYA
116,2020-02-14,14104.77,14110.19,14046.6,14097.34,NYA
117,2020-02-13,14069.25,14132.88,14049.13,14099.03,NYA
118,2020-02-12,14117.83,14148.24,14108.52,14136.98,NYA
119,2020-02-11,14051.86,14100.27,14039.0,14054.08,NYA
120,2020-02-10,13904.02,13984.55,13899.53,13984.48,NYA
121,2020-02-07,13987.51,13987.51,13912.04,13931.93,NYA
122,2020-02-06,14066.9,14069.33,14023.48,14034.95,NYA
123,2020-02-05,13964.0,14029.91,13947.59,14024.86,NYA
124,2020-02-04,13826.1,13920.63,13826.09,13862.84,NYA
125,2020-02-03,13655.89,13765.33,13655.89,13677.92,NYA
126,2020-01-31,13783.81,13788.23,13573.03,13614.1,NYA
127,2020-01-30,13745.2,13869.64,13699.81,13861.92,NYA
128,2020-01-29,13912.79,13922.44,13843.79,13843.81,NYA
129,2020-01-28,13812.66,13913.59,13798.34,13877.6,NYA
130,2020-01-27,13746.64,13826.43,13742.01,13769.6,NYA
131,2020-01-24,14120.02,14120.02,13920.57,13978.47,NYA
132,2020-01-23,14064.28,14109.59,14003.28,14102.04,NYA
133,2020-01-22,14147.89,14168.2,14104.06,14110.23,NYA
134,2020-01-21,14126.12,14153.02,14102.4,14109.98,NYA
135,2020-01-17,14168.14,14183.26,14156.4,14183.2,NYA
136,2020-01-16,14103.53,14142.31,14094.88,14141.78,NYA
137,2020-01-15,14022.3,14089.94,14021.18,14053.23,NYA
138,2020-01-14,14024.23,14068.58,14005.63,14037.13,NYA
139,2020-01-13,13980.47,14042.65,13963.87,14042.65,NYA
140,2020-01-10,14018.12,14021.65,13941.52,13957.97,NYA
141,2020-01-09,13974.07,14004.42,13960.17,13997.65,NYA
142,2020-01-08,13897.01,13986.69,13896.59,13934.44,NYA
143,2020-01-07,13911.19,13923.51,13880.53,13898.45,NYA
144,2020-01-06,13856.72,13943.3,13852.73,13941.8,NYA
145,2020-01-03,13877.48,13950.73,13870.74,13917.05,NYA
146,2020-01-02,13975.65,14003.39,13927.55,14002.49,NYA
0,2020-07-31,10741.47,10747.81,10557.7,10745.27,NASDAQ
1,2020-07-30,10450.12,10609.59,10412.09,10587.81,NASDAQ
2,2020-07-29,10474.7,10567.91,10464.0,10542.94,NASDAQ
3,2020-07-28,10509.2,10523.64,10397.88,10402.09,NASDAQ
4,2020-07-27,10421.7,10546.43,10399.86,10536.27,NASDAQ
5,2020-07-24,10294.41,10418.75,10217.31,10363.18,NASDAQ
6,2020-07-23,10689.5,10728.12,10407.88,10461.42,NASDAQ
7,2020-07-22,10687.58,10745.32,10627.45,10706.13,NASDAQ
8,2020-07-21,10837.88,10839.93,10650.47,10680.36,NASDAQ
9,2020-07-20,10526.02,10783.8,10488.04,10767.09,NASDAQ
10,2020-07-17,10500.52,10532.62,10421.21,10503.19,NASDAQ
11,2020-07-16,10443.87,10499.79,10364.4,10473.83,NASDAQ
12,2020-07-15,10576.72,10604.67,10420.54,10550.49,NASDAQ
13,2020-07-14,10310.25,10497.84,10182.46,10488.58,NASDAQ
14,2020-07-13,10729.92,10824.78,10368.04,10390.84,NASDAQ
15,2020-07-10,10545.91,10622.35,10447.01,10617.44,NASDAQ
16,2020-07-09,10563.72,10578.1,10379.91,10547.75,NASDAQ
17,2020-07-08,10409.35,10494.63,10350.96,10492.5,NASDAQ
18,2020-07-07,10412.46,10518.98,10337.98,10343.89,NASDAQ
19,2020-07-06,10360.38,10462.05,10354.98,10433.65,NASDAQ
20,2020-07-02,10268.67,10310.36,10194.06,10207.63,NASDAQ
21,2020-07-01,10063.67,10197.19,10048.04,10154.63,NASDAQ
22,2020-06-30,9875.28,10085.59,9863.67,10058.77,NASDAQ
23,2020-06-29,9771.72,9877.34,9663.61,9874.15,NASDAQ
24,2020-06-26,9995.12,10000.67,9749.07,9757.22,NASDAQ
25,2020-06-25,9899.36,10023.28,9810.47,10017.0,NASDAQ
26,2020-06-24,10092.92,10137.5,9842.22,9909.17,NASDAQ
27,2020-06-23,10130.83,10221.85,10112.44,10131.37,NASDAQ
28,2020-06-22,9945.49,10059.6,9916.6,10056.47,NASDAQ
29,2020-06-19,10042.13,10053.91,9872.94,9946.12,NASDAQ
30,2020-06-18,9892.48,9959.2,9885.66,9943.05,NASDAQ
31,2020-06-17,9943.31,9991.21,9891.81,9910.53,NASDAQ
32,2020-06-16,9949.78,9963.63,9748.38,9895.87,NASDAQ
33,2020-06-15,9426.9,9756.07,9403.0,9726.02,NASDAQ
34,2020-06-12,9715.87,9768.64,9413.63,9588.81,NASDAQ
35,2020-06-11,9791.24,9868.08,9491.31,9492.73,NASDAQ
36,2020-06-10,10012.32,10086.89,9962.58,10020.35,NASDAQ
37,2020-06-09,9867.19,10002.5,9863.27,9953.75,NASDAQ
38,2020-06-08,9823.44,9927.13,9780.61,9924.74,NASDAQ
39,2020-06-05,9703.54,9845.69,9685.35,9814.08,NASDAQ
40,2020-06-04,9649.65,9716.14,9560.41,9615.81,NASDAQ
41,2020-06-03,9651.86,9707.78,9627.18,9682.91,NASDAQ
42,2020-06-02,9566.53,9611.22,9472.09,9608.37,NASDAQ
43,2020-06-01,9471.42,9571.28,9462.32,9552.05,NASDAQ
44,2020-05-29,9382.35,9505.55,9324.73,9489.87,NASDAQ
45,2020-05-28,9392.99,9523.65,9345.28,9368.99,NASDAQ
46,2020-05-27,9346.12,9414.62,9144.28,9412.36,NASDAQ
47,2020-05-26,9501.21,9501.21,9333.16,9340.22,NASDAQ
48,2020-05-22,9278.55,9328.28,9239.41,9324.59,NASDAQ
49,2020-05-21,9375.19,9405.25,9254.85,9284.88,NASDAQ
50,2020-05-20,9305.62,9392.82,9304.2,9375.78,NASDAQ
51,2020-05-19,9227.46,9317.25,9183.25,9185.1,NASDAQ
52,2020-05-18,9177.15,9267.22,9154.35,9234.83,NASDAQ
53,2020-05-15,8839.99,9018.4,8821.38,9014.56,NASDAQ
54,2020-05-14,8788.04,8945.72,8705.25,8943.72,NASDAQ
55,2020-05-13,9006.05,9074.16,8752.68,8863.17,NASDAQ
56,2020-05-12,9225.15,9250.96,9000.07,9002.55,NASDAQ
57,2020-05-11,9054.91,9241.92,9053.18,9192.34,NASDAQ
58,2020-05-08,9056.89,9125.98,9018.21,9121.32,NASDAQ
59,2020-05-07,8973.78,9015.99,8932.85,8979.66,NASDAQ
60,2020-05-06,8874.7,8933.25,8819.37,8854.39,NASDAQ
61,2020-05-05,8809.66,8909.97,8781.31,8809.12,NASDAQ
62,2020-05-04,8555.32,8715.82,8537.83,8710.71,NASDAQ
63,2020-05-01,8681.29,8754.46,8566.84,8604.95,NASDAQ
64,2020-04-30,8911.01,8926.1,8825.84,8889.55,NASDAQ
65,2020-04-29,8802.7,8957.27,8765.01,8914.71,NASDAQ
66,2020-04-28,8825.68,8830.57,8600.7,8607.73,NASDAQ
67,2020-04-27,8717.98,8754.57,8697.37,8730.16,NASDAQ
68,2020-04-24,8530.08,8642.93,8464.43,8634.52,NASDAQ
69,2020-04-23,8528.84,8635.22,8475.2,8494.75,NASDAQ
70,2020-04-22,8434.55,8537.31,8404.54,8495.38,NASDAQ
71,2020-04-21,8460.69,8480.29,8215.69,8263.23,NASDAQ
72,2020-04-20,8553.38,8684.91,8553.38,8560.73,NASDAQ
73,2020-04-17,8667.48,8670.31,8531.69,8650.14,NASDAQ
74,2020-04-16,8479.11,8560.16,8393.27,8532.36,NASDAQ
75,2020-04-15,8355.96,8464.66,8308.79,8393.18,NASDAQ
76,2020-04-14,8353.21,8531.11,8338.09,8515.74,NASDAQ
77,2020-04-13,8127.69,8200.44,8035.94,8192.42,NASDAQ
78,2020-04-09,8169.01,8227.91,8072.32,8153.58,NASDAQ
79,2020-04-08,7975.72,8114.43,7901.94,8090.9,NASDAQ
80,2020-04-07,8129.99,8146.43,7881.22,7887.26,NASDAQ
81,2020-04-06,7660.17,7938.33,7617.78,7913.24,NASDAQ
82,2020-04-03,7477.27,7518.72,7288.11,7373.08,NASDAQ
83,2020-04-02,7317.45,7501.7,7307.94,7487.31,NASDAQ
84,2020-04-01,7459.5,7566.37,7301.98,7360.58,NASDAQ
85,2020-03-31,7740.06,7880.31,7642.86,7700.1,NASDAQ
86,2020-03-30,7583.46,7784.35,7539.97,7774.15,NASDAQ
87,2020-03-27,7554.25,7716.24,7491.14,7502.38,NASDAQ
88,2020-03-26,7462.21,7809.82,7462.21,7797.54,NASDAQ
89,2020-03-25,7421.36,7671.21,7276.4,7384.3,NASDAQ
90,2020-03-24,7196.15,7418.38,7169.86,7417.86,NASDAQ
91,2020-03-23,6847.28,6984.94,6631.42,6860.67,NASDAQ
92,2020-03-20,7248.07,7354.44,6854.67,6879.52,NASDAQ
93,2020-03-19,6996.45,7341.38,6858.38,7150.58,NASDAQ
94,2020-03-18,6902.32,7182.83,6686.35,6989.84,NASDAQ
95,2020-03-17,7072.0,7406.23,6828.91,7334.78,NASDAQ
96,2020-03-16,7392.73,7422.2,6882.86,6904.59,NASDAQ
97,2020-03-13,7610.39,7875.93,7219.09,7874.88,NASDAQ
98,2020-03-12,7398.58,7712.33,7194.67,7201.8,NASDAQ
99,2020-03-11,8136.25,8181.36,7850.94,7952.05,NASDAQ
100,2020-03-10,8219.76,8347.4,7930.43,8344.25,NASDAQ
101,2020-03-09,7957.93,8243.31,7943.16,7950.68,NASDAQ
102,2020-03-06,8469.01,8612.36,8375.13,8575.62,NASDAQ
103,2020-03-05,8790.09,8921.08,8677.39,8738.6,NASDAQ
104,2020-03-04,8834.1,9019.96,8757.66,9018.09,NASDAQ
105,2020-03-03,8965.1,9070.32,8602.9,8684.09,NASDAQ
106,2020-03-02,8667.14,8952.81,8543.35,8952.16,NASDAQ
107,2020-02-28,8269.74,8591.82,8264.16,8567.37,NASDAQ
108,2020-02-27,8744.03,8904.11,8562.05,8566.48,NASDAQ
109,2020-02-26,9011.55,9148.32,8927.8,8980.77,NASDAQ
110,2020-02-25,9301.2,9315.25,8940.49,8965.61,NASDAQ
111,2020-02-24,9188.44,9322.88,9166.01,9221.28,NASDAQ
112,2020-02-21,9708.01,9715.94,9542.33,9576.59,NASDAQ
113,2020-02-20,9799.2,9820.86,9636.94,9750.96,NASDAQ
114,2020-02-19,9782.81,9838.37,9777.1,9817.18,NASDAQ
115,2020-02-18,9679.04,9747.68,9675.8,9732.74,NASDAQ
116,2020-02-14,9728.9,9746.36,9693.05,9731.18,NASDAQ
117,2020-02-13,9657.04,9748.32,9650.02,9711.97,NASDAQ
118,2020-02-12,9688.6,9728.77,9666.68,9725.96,NASDAQ
119,2020-02-11,9680.89,9714.74,9617.21,9638.94,NASDAQ
120,2020-02-10,9493.63,9628.66,9493.63,9628.39,NASDAQ
121,2020-02-07,9526.64,9570.09,9496.53,9520.51,NASDAQ
122,2020-02-06,9540.98,9575.66,9505.68,9572.15,NASDAQ
123,2020-02-05,9574.1,9574.93,9454.93,9508.68,NASDAQ
124,2020-02-04,9398.39,9485.38,9374.06,9467.97,NASDAQ
125,2020-02-03,9190.72,9299.85,9188.56,9273.4,NASDAQ
126,2020-01-31,9324.33,9324.8,9123.22,9150.94,NASDAQ
127,2020-01-30,9211.15,9303.0,9185.18,9298.93,NASDAQ
128,2020-01-29,9318.26,9329.11,9249.03,9275.16,NASDAQ
129,2020-01-28,9201.82,9288.87,9182.33,9269.68,NASDAQ
130,2020-01-27,9092.46,9185.45,9088.04,9139.31,NASDAQ
131,2020-01-24,9446.2,9451.43,9273.23,9314.91,NASDAQ
132,2020-01-23,9377.72,9409.2,9334.13,9402.48,NASDAQ
133,2020-01-22,9413.61,9439.29,9375.13,9383.77,NASDAQ
134,2020-01-21,9361.07,9397.58,9350.2,9370.81,NASDAQ
135,2020-01-17,9392.37,9393.48,9346.81,9388.94,NASDAQ
136,2020-01-16,9313.44,9357.92,9301.32,9357.13,NASDAQ
137,2020-01-15,9253.76,9298.82,9231.14,9258.7,NASDAQ
138,2020-01-14,9270.61,9298.32,9226.48,9251.33,NASDAQ
139,2020-01-13,9213.72,9274.49,9193.06,9273.93,NASDAQ
140,2020-01-10,9232.94,9235.19,9164.66,9178.86,NASDAQ
141,2020-01-09,9202.27,9215.95,9158.5,9203.43,NASDAQ
142,2020-01-08,9068.03,9168.89,9059.38,9129.24,NASDAQ
143,2020-01-07,9076.65,9091.93,9042.56,9068.58,NASDAQ
144,2020-01-06,8943.5,9072.41,8943.5,9071.46,NASDAQ
145,2020-01-03,8976.43,9065.75,8976.43,9020.77,NASDAQ
146,2020-01-02,9039.46,9093.43,9010.89,9092.19,NASDAQ
0,2020-07-31,26409.33,26440.02,26013.59,26428.32,DJIA
1,2020-07-30,26367.42,26374.93,25992.28,26313.65,DJIA
2,2020-07-29,26388.44,26602.45,26375.39,26539.57,DJIA
3,2020-07-28,26529.45,26556.84,26361.71,26379.28,DJIA
4,2020-07-27,26447.67,26625.46,26426.92,26584.77,DJIA
5,2020-07-24,26533.41,26625.7,26402.86,26469.89,DJIA
6,2020-07-23,26955.97,26973.85,26560.04,26652.33,DJIA
7,2020-07-22,26824.56,27035.24,26794.19,27005.84,DJIA
8,2020-07-21,26833.14,27025.38,26766.22,26840.4,DJIA
9,2020-07-20,26660.29,26765.02,26504.2,26680.87,DJIA
10,2020-07-17,26774.62,26808.43,26619.88,26671.95,DJIA
11,2020-07-16,26746.57,26879.16,26590.01,26734.71,DJIA
12,2020-07-15,27009.81,27071.33,26692.48,26870.1,DJIA
13,2020-07-14,26044.17,26690.52,25994.98,26642.59,DJIA
14,2020-07-13,26225.07,26639.09,26044.23,26085.8,DJIA
15,2020-07-10,25690.35,26101.32,25637.5,26075.3,DJIA
16,2020-07-09,26094.92,26103.28,25523.51,25706.09,DJIA
17,2020-07-08,25950.06,26109.49,25816.25,26067.28,DJIA
18,2020-07-07,26172.01,26174.93,25866.58,25890.18,DJIA
19,2020-07-06,25996.08,26297.53,25996.08,26287.03,DJIA
20,2020-07-02,25936.45,26204.41,25778.12,25827.36,DJIA
21,2020-07-01,25879.38,26019.31,25713.61,25734.97,DJIA
22,2020-06-30,25512.43,25905.38,25475.14,25812.88,DJIA
23,2020-06-29,25152.45,25601.15,25096.16,25595.8,DJIA
24,2020-06-26,25641.69,25641.69,24971.03,25015.55,DJIA
25,2020-06-25,25365.22,25769.61,25209.79,25745.6,DJIA
26,2020-06-24,25992.96,25992.96,25296.73,25445.94,DJIA
27,2020-06-23,26159.39,26314.97,26105.97,26156.1,DJIA
28,2020-06-22,25865.08,26059.81,25667.68,26024.96,DJIA
29,2020-06-19,26213.1,26451.44,25759.66,25871.46,DJIA
30,2020-06-18,26016.45,26154.2,25848.53,26080.1,DJIA
31,2020-06-17,26330.52,26400.07,26068.41,26119.61,DJIA
32,2020-06-16,26326.68,26611.03,25811.7,26289.98,DJIA
33,2020-06-15,25270.39,25891.58,24843.18,25763.16,DJIA
34,2020-06-12,25659.42,25965.55,25078.41,25605.54,DJIA
35,2020-06-11,26282.51,26294.08,25082.72,25128.17,DJIA
36,2020-06-10,27251.89,27355.22,26938.05,26989.99,DJIA
37,2020-06-09,27447.37,27447.37,27151.06,27272.3,DJIA
38,2020-06-08,27232.93,27580.21,27232.48,27572.44,DJIA
39,2020-06-05,26836.8,27338.3,26836.8,27110.98,DJIA
40,2020-06-04,26226.49,26384.1,26082.31,26281.82,DJIA
41,2020-06-03,25906.88,26337.75,25906.88,26269.89,DJIA
42,2020-06-02,25582.52,25743.13,25523.74,25742.65,DJIA
43,2020-06-01,25342.99,25508.83,25220.66,25475.02,DJIA
44,2020-05-29,25324.15,25482.8,25031.67,25383.11,DJIA
45,2020-05-28,25697.36,25758.79,25358.73,25400.64,DJIA
46,2020-05-27,25298.63,25551.56,25009.87,25548.27,DJIA
47,2020-05-26,24781.84,25176.42,24781.84,24995.11,DJIA
48,2020-05-22,24461.98,24481.64,24294.07,24465.16,DJIA
49,2020-05-21,24564.27,24718.46,24370.88,24474.12,DJIA
50,2020-05-20,24455.94,24649.48,24455.94,24575.9,DJIA
51,2020-05-19,24577.48,24599.5,24202.96,24206.86,DJIA
52,2020-05-18,24059.98,24708.54,24059.98,24597.37,DJIA
53,2020-05-15,23454.83,23730.08,23354.15,23685.42,DJIA
54,2020-05-14,23049.06,23630.86,22789.62,23625.34,DJIA
55,2020-05-13,23702.16,23708.9,23067.64,23247.97,DJIA
56,2020-05-12,24292.84,24382.09,23761.58,23764.78,DJIA
57,2020-05-11,24256.45,24366.21,24070.22,24221.99,DJIA
58,2020-05-08,24107.82,24349.9,24107.05,24331.32,DJIA
59,2020-05-07,23837.21,24094.62,23834.39,23875.89,DJIA
60,2020-05-06,23978.88,24054.59,23661.14,23664.64,DJIA
61,2020-05-05,23958.88,24169.72,23868.91,23883.09,DJIA
62,2020-05-04,23581.55,23769.56,23361.16,23749.76,DJIA
